EMP 101 ,JOHN,Sales,02-05-1998,08-08-2010
EMP102,Arya Prakash,Accounting,02-05-1998,08-08-2010
EMP103,Akash P,Accounting,02-05-1998,08-08-2010
EMP104,Anu Michael,Purchasing,02-03-1993,09-09-2020
EMP105,Anju Tom,Personnel,02-03-1991,09-02-2006
EMP106,Anoop R,Navigation,02-03-1994,09-09-2020
EMP107,Kaimal T,Marketing,02-03-1991,08-08-2010
EMP108,Milan James,Marketing,02-03-1992,04-05-2017
EMP109,Minu Mathew,Sales,02-05-1998,09-09-2020
EMP110,Sana PK,Purchasing,02-03-1994,04-05-2017
EMP111,Sonu M,Accounting,02-05-1998,08-08-2010
EMP112,Miya Tom,Personnel,02-03-1991,09-09-2020
EMP113,Aliya Issac,Accounting,02-03-1998,09-02-2006
EMP114,Irene Tom,Purchasing,02-03-1994,08-08-2010
EMP115,Antony Varghese,Personnel,01-02-1995,09-09-2020
EMP116,Aiswarya P,Management,02-05-1998,09-02-2006
EMP117,Jobin James,Sales,02-03-1999,08-08-2010
EMP118,Jithin Jose,Sales,02-03-1994,09-09-2020
EMP119,Abhijith,Marketing,01-02-1995,09-02-2006
EMP120,Mevin Jacob,Navigation,02-03-1990,08-08-2010
